GROUP,PACKAGE,CLASS,INSTRUCTION_MISSED,INSTRUCTION_COVERED,BRANCH_MISSED,BRANCH_COVERED,LINE_MISSED,LINE_COVERED,COMPLEXITY_MISSED,COMPLEXITY_COVERED,METHOD_MISSED,METHOD_COVERED
"commons-functor (Jan 19, 2019 5:07:31 PM)/commons-functor/src/main/java",org.apache.commons.functor.adapter,IgnoreRightFunction,9,77,6,14,1,14,5,12,0,7
"commons-functor (Jan 19, 2019 5:07:31 PM)/commons-functor/src/main/java",org.apache.commons.functor.adapter,LeftBoundFunction,13,114,10,18,1,20,8,13,0,7
"commons-functor (Jan 19, 2019 5:07:31 PM)/commons-functor/src/main/java",org.apache.commons.functor.adapter,IgnoreRightProcedure,11,75,8,12,1,15,7,10,0,7
"commons-functor (Jan 19, 2019 5:07:31 PM)/commons-functor/src/main/java",org.apache.commons.functor.adapter,LeftBoundPredicate,10,117,7,21,1,20,6,15,0,7
"commons-functor (Jan 19, 2019 5:07:31 PM)/commons-functor/src/main/java",org.apache.commons.functor.adapter,UnaryProcedureUnaryFunction,11,76,7,13,1,15,6,11,0,7
"commons-functor (Jan 19, 2019 5:07:31 PM)/commons-functor/src/main/java",org.apache.commons.functor.adapter,BinaryProcedureUnaryProcedure,5,70,2,12,1,12,2,12,0,7
"commons-functor (Jan 19, 2019 5:07:31 PM)/commons-functor/src/main/java",org.apache.commons.functor.adapter,FunctionUnaryFunction,9,76,6,14,1,14,5,12,0,7
"commons-functor (Jan 19, 2019 5:07:31 PM)/commons-functor/src/main/java",org.apache.commons.functor.adapter,IgnoreLeftFunction,9,77,6,14,1,14,5,12,0,7
"commons-functor (Jan 19, 2019 5:07:31 PM)/commons-functor/src/main/java",org.apache.commons.functor.adapter,FunctionProcedure,9,77,6,14,1,14,5,12,0,7
"commons-functor (Jan 19, 2019 5:07:31 PM)/commons-functor/src/main/java",org.apache.commons.functor.adapter,BinaryFunctionBinaryProcedure,4,77,5,13,0,15,4,12,0,7
"commons-functor (Jan 19, 2019 5:07:31 PM)/commons-functor/src/main/java",org.apache.commons.functor.adapter,ProcedureUnaryProcedure,11,74,8,12,1,15,7,10,0,7
"commons-functor (Jan 19, 2019 5:07:31 PM)/commons-functor/src/main/java",org.apache.commons.functor.adapter,IgnoreLeftPredicate,9,77,6,14,1,13,5,12,0,7
"commons-functor (Jan 19, 2019 5:07:31 PM)/commons-functor/src/main/java",org.apache.commons.functor.adapter,FunctionPredicate,9,78,6,14,1,13,5,12,0,7
"commons-functor (Jan 19, 2019 5:07:31 PM)/commons-functor/src/main/java",org.apache.commons.functor.adapter,BinaryPredicateBinaryFunction,6,78,6,14,0,14,5,12,0,7
"commons-functor (Jan 19, 2019 5:07:31 PM)/commons-functor/src/main/java",org.apache.commons.functor.adapter,RightBoundPredicate,10,117,7,21,1,20,6,15,0,7
"commons-functor (Jan 19, 2019 5:07:31 PM)/commons-functor/src/main/java",org.apache.commons.functor.adapter,PredicateFunction,11,75,7,13,1,13,6,11,0,7
"commons-functor (Jan 19, 2019 5:07:31 PM)/commons-functor/src/main/java",org.apache.commons.functor.adapter,IgnoreRightPredicate,9,77,6,14,1,14,5,12,0,7
"commons-functor (Jan 19, 2019 5:07:31 PM)/commons-functor/src/main/java",org.apache.commons.functor.adapter,BoundFunction,7,115,2,20,2,18,2,16,0,7
"commons-functor (Jan 19, 2019 5:07:31 PM)/commons-functor/src/main/java",org.apache.commons.functor.adapter,UnaryFunctionUnaryPredicate,9,79,6,14,1,14,5,12,0,7
"commons-functor (Jan 19, 2019 5:07:31 PM)/commons-functor/src/main/java",org.apache.commons.functor.adapter,BinaryPredicateUnaryPredicate,5,70,2,12,1,11,2,12,0,7
"commons-functor (Jan 19, 2019 5:07:31 PM)/commons-functor/src/main/java",org.apache.commons.functor.adapter,UnaryFunctionUnaryProcedure,9,78,6,14,1,15,5,12,0,7
"commons-functor (Jan 19, 2019 5:07:31 PM)/commons-functor/src/main/java",org.apache.commons.functor.adapter,FullyBoundFunction,25,138,15,21,2,23,12,13,0,7
"commons-functor (Jan 19, 2019 5:07:31 PM)/commons-functor/src/main/java",org.apache.commons.functor.adapter,BinaryFunctionBinaryPredicate,9,80,6,14,1,15,5,12,0,7
"commons-functor (Jan 19, 2019 5:07:31 PM)/commons-functor/src/main/java",org.apache.commons.functor.adapter,PredicateUnaryPredicate,9,76,6,14,1,14,5,12,0,7
"commons-functor (Jan 19, 2019 5:07:31 PM)/commons-functor/src/main/java",org.apache.commons.functor.adapter,BinaryFunctionUnaryFunction,5,70,2,12,1,11,2,12,0,7
"commons-functor (Jan 19, 2019 5:07:31 PM)/commons-functor/src/main/java",org.apache.commons.functor.adapter,RightBoundProcedure,10,117,7,21,1,21,6,15,0,7
"commons-functor (Jan 19, 2019 5:07:31 PM)/commons-functor/src/main/java",org.apache.commons.functor.adapter,ProcedureFunction,11,75,7,13,1,14,6,11,0,7
"commons-functor (Jan 19, 2019 5:07:31 PM)/commons-functor/src/main/java",org.apache.commons.functor.adapter,RightBoundFunction,13,114,10,18,1,20,8,13,0,7
"commons-functor (Jan 19, 2019 5:07:31 PM)/commons-functor/src/main/java",org.apache.commons.functor.adapter,IgnoreLeftProcedure,11,75,8,12,1,14,7,10,0,7
"commons-functor (Jan 19, 2019 5:07:31 PM)/commons-functor/src/main/java",org.apache.commons.functor.adapter,UnaryPredicateUnaryFunction,11,76,7,13,1,14,6,11,0,7
"commons-functor (Jan 19, 2019 5:07:31 PM)/commons-functor/src/main/java",org.apache.commons.functor.adapter,BoundProcedure,10,116,7,21,1,21,6,15,0,7
"commons-functor (Jan 19, 2019 5:07:31 PM)/commons-functor/src/main/java",org.apache.commons.functor.adapter,FullyBoundPredicate,9,154,8,28,1,24,7,18,0,7
"commons-functor (Jan 19, 2019 5:07:31 PM)/commons-functor/src/main/java",org.apache.commons.functor.adapter,BoundPredicate,10,116,7,21,1,20,6,15,0,7
"commons-functor (Jan 19, 2019 5:07:31 PM)/commons-functor/src/main/java",org.apache.commons.functor.adapter,FullyBoundProcedure,22,141,12,24,2,24,10,15,0,7
"commons-functor (Jan 19, 2019 5:07:31 PM)/commons-functor/src/main/java",org.apache.commons.functor.adapter,BinaryProcedureBinaryFunction,11,77,7,13,1,15,6,11,0,7
"commons-functor (Jan 19, 2019 5:07:31 PM)/commons-functor/src/main/java",org.apache.commons.functor.adapter,LeftBoundProcedure,10,117,7,21,1,21,6,15,0,7
"commons-functor (Jan 19, 2019 5:07:31 PM)/commons-functor/src/main/java",org.apache.commons.functor.core.collection,FilteredIterable,3,113,2,10,1,27,2,13,0,9
"commons-functor (Jan 19, 2019 5:07:31 PM)/commons-functor/src/main/java",org.apache.commons.functor.core.collection,Size,0,74,0,10,0,18,0,15,0,10
"commons-functor (Jan 19, 2019 5:07:31 PM)/commons-functor/src/main/java",org.apache.commons.functor.core.collection,FilteredIterator,2,196,2,26,0,50,2,22,0,10
"commons-functor (Jan 19, 2019 5:07:31 PM)/commons-functor/src/main/java",org.apache.commons.functor.core.collection,IsEmpty,0,93,0,16,0,23,0,19,0,11
"commons-functor (Jan 19, 2019 5:07:31 PM)/commons-functor/src/main/java",org.apache.commons.functor.core.collection,TransformedIterator,9,123,4,14,0,29,4,14,0,9
"commons-functor (Jan 19, 2019 5:07:31 PM)/commons-functor/src/main/java",org.apache.commons.functor.core.collection,IsElementOf,0,132,0,22,0,29,0,21,0,10
"commons-functor (Jan 19, 2019 5:07:31 PM)/commons-functor/src/main/java",org.apache.commons.functor.core.collection,FilteredIterable.new FilteredIterable() {...},6,5,0,0,3,2,3,1,3,1
"commons-functor (Jan 19, 2019 5:07:31 PM)/commons-functor/src/main/java",org.apache.commons.functor.core.collection,FilteredIterable.new Iterable() {...},0,22,0,0,0,5,0,2,0,2
"commons-functor (Jan 19, 2019 5:07:31 PM)/commons-functor/src/main/java",org.apache.commons.functor.core.collection,FilteredIterable.new UnaryPredicate() {...},0,34,0,4,0,6,0,4,0,2
"commons-functor (Jan 19, 2019 5:07:31 PM)/commons-functor/src/main/java",org.apache.commons.functor.generator.util,EachElement,3,35,0,8,2,4,1,8,1,4
"commons-functor (Jan 19, 2019 5:07:31 PM)/commons-functor/src/main/java",org.apache.commons.functor.generator.util,CollectionTransformer.new UnaryProcedure() {...},0,13,0,0,0,4,0,2,0,2
"commons-functor (Jan 19, 2019 5:07:31 PM)/commons-functor/src/main/java",org.apache.commons.functor.generator.util,LongRange,2,225,3,23,0,37,3,20,0,10
"commons-functor (Jan 19, 2019 5:07:31 PM)/commons-functor/src/main/java",org.apache.commons.functor.generator.util,IntegerRange,2,206,3,23,0,37,3,20,0,10
"commons-functor (Jan 19, 2019 5:07:31 PM)/commons-functor/src/main/java",org.apache.commons.functor.generator.util,CollectionTransformer,0,28,0,2,0,11,0,4,0,3
"commons-functor (Jan 19, 2019 5:07:31 PM)/commons-functor/src/main/java",org.apache.commons.functor.core.composite,BinaryCompositeBinaryFunction,5,130,5,15,1,20,5,11,0,6
"commons-functor (Jan 19, 2019 5:07:31 PM)/commons-functor/src/main/java",org.apache.commons.functor.core.composite,Sequence,20,98,6,14,5,17,5,14,1,8
"commons-functor (Jan 19, 2019 5:07:31 PM)/commons-functor/src/main/java",org.apache.commons.functor.core.composite,ConditionalBinaryProcedure,28,149,18,22,4,30,16,11,1,6
"commons-functor (Jan 19, 2019 5:07:31 PM)/commons-functor/src/main/java",org.apache.commons.functor.core.composite,ConditionalProcedure,28,143,18,22,4,29,16,11,1,6
"commons-functor (Jan 19, 2019 5:07:31 PM)/commons-functor/src/main/java",org.apache.commons.functor.core.composite,ConditionalUnaryPredicate,17,146,17,23,1,25,14,12,0,6
"commons-functor (Jan 19, 2019 5:07:31 PM)/commons-functor/src/main/java",org.apache.commons.functor.core.composite,TransformedFunction,97,0,12,0,14,0,12,0,6,0
"commons-functor (Jan 19, 2019 5:07:31 PM)/commons-functor/src/main/java",org.apache.commons.functor.core.composite,TransposedPredicate,9,78,6,14,1,13,5,12,0,7
"commons-functor (Jan 19, 2019 5:07:31 PM)/commons-functor/src/main/java",org.apache.commons.functor.core.composite,BinaryCompositeBinaryFunction.Helper,0,26,0,0,0,6,0,2,0,2
"commons-functor (Jan 19, 2019 5:07:31 PM)/commons-functor/src/main/java",org.apache.commons.functor.core.composite,And,4,67,0,10,2,14,1,13,1,8
"commons-functor (Jan 19, 2019 5:07:31 PM)/commons-functor/src/main/java",org.apache.commons.functor.core.composite,UnaryNot,9,81,6,16,1,13,5,13,0,7
"commons-functor (Jan 19, 2019 5:07:31 PM)/commons-functor/src/main/java",org.apache.commons.functor.core.composite,ConditionalPredicate,17,143,17,23,1,24,14,12,0,6
"commons-functor (Jan 19, 2019 5:07:31 PM)/commons-functor/src/main/java",org.apache.commons.functor.core.composite,UnaryCompositeBinaryPredicate,10,130,5,15,2,19,5,11,0,6
"commons-functor (Jan 19, 2019 5:07:31 PM)/commons-functor/src/main/java",org.apache.commons.functor.core.composite,WhileDoProcedure,0,30,0,2,0,6,0,4,0,3
"commons-functor (Jan 19, 2019 5:07:31 PM)/commons-functor/src/main/java",org.apache.commons.functor.core.composite,TransformedBinaryProcedure.Helper,18,0,0,0,6,0,2,0,2,0
"commons-functor (Jan 19, 2019 5:07:31 PM)/commons-functor/src/main/java",org.apache.commons.functor.core.composite,ConditionalBinaryFunction,22,149,17,23,2,28,14,12,0,6
"commons-functor (Jan 19, 2019 5:07:31 PM)/commons-functor/src/main/java",org.apache.commons.functor.core.composite,AbstractLoopProcedure,10,102,8,12,0,22,6,11,0,7
"commons-functor (Jan 19, 2019 5:07:31 PM)/commons-functor/src/main/java",org.apache.commons.functor.core.composite,UnaryCompositeBinaryPredicate.Helper,0,24,0,0,0,6,0,2,0,2
"commons-functor (Jan 19, 2019 5:07:31 PM)/commons-functor/src/main/java",org.apache.commons.functor.core.composite,UnaryCompositeBinaryFunction.Helper,0,24,0,0,0,6,0,2,0,2
"commons-functor (Jan 19, 2019 5:07:31 PM)/commons-functor/src/main/java",org.apache.commons.functor.core.composite,Or,4,67,0,10,2,14,1,13,1,8
"commons-functor (Jan 19, 2019 5:07:31 PM)/commons-functor/src/main/java",org.apache.commons.functor.core.composite,UnaryOr,4,68,0,10,2,14,1,13,1,8
"commons-functor (Jan 19, 2019 5:07:31 PM)/commons-functor/src/main/java",org.apache.commons.functor.core.composite,TransformedProcedure,97,0,12,0,16,0,12,0,6,0
"commons-functor (Jan 19, 2019 5:07:31 PM)/commons-functor/src/main/java",org.apache.commons.functor.core.composite,CompositeUnaryFunction,5,84,2,12,1,16,2,13,0,8
"commons-functor (Jan 19, 2019 5:07:31 PM)/commons-functor/src/main/java",org.apache.commons.functor.core.composite,DoWhileProcedure,0,29,0,2,0,6,0,4,0,3
"commons-functor (Jan 19, 2019 5:07:31 PM)/commons-functor/src/main/java",org.apache.commons.functor.core.composite,BinaryNot,11,80,7,15,1,13,6,12,0,7
"commons-functor (Jan 19, 2019 5:07:31 PM)/commons-functor/src/main/java",org.apache.commons.functor.core.composite,Not,9,80,6,16,1,13,5,13,0,7
"commons-functor (Jan 19, 2019 5:07:31 PM)/commons-functor/src/main/java",org.apache.commons.functor.core.composite,TransformedProcedure.Helper,16,0,0,0,6,0,2,0,2,0
"commons-functor (Jan 19, 2019 5:07:31 PM)/commons-functor/src/main/java",org.apache.commons.functor.core.composite,TransformedBinaryProcedure,99,0,12,0,16,0,12,0,6,0
"commons-functor (Jan 19, 2019 5:07:31 PM)/commons-functor/src/main/java",org.apache.commons.functor.core.composite,CompositeUnaryProcedure,13,79,4,8,3,16,5,9,1,7
"commons-functor (Jan 19, 2019 5:07:31 PM)/commons-functor/src/main/java",org.apache.commons.functor.core.composite,TransposedProcedure,9,78,6,14,1,14,5,12,0,7
"commons-functor (Jan 19, 2019 5:07:31 PM)/commons-functor/src/main/java",org.apache.commons.functor.core.composite,BaseUnaryPredicateList,24,63,7,7,6,15,6,9,1,7
"commons-functor (Jan 19, 2019 5:07:31 PM)/commons-functor/src/main/java",org.apache.commons.functor.core.composite,BinaryAnd,4,69,0,10,2,14,1,13,1,8
"commons-functor (Jan 19, 2019 5:07:31 PM)/commons-functor/src/main/java",org.apache.commons.functor.core.composite,Conditional,39,45,0,0,6,7,6,7,6,7
"commons-functor (Jan 19, 2019 5:07:31 PM)/commons-functor/src/main/java",org.apache.commons.functor.core.composite,BasePredicateList,24,63,7,7,6,15,6,9,1,7
"commons-functor (Jan 19, 2019 5:07:31 PM)/commons-functor/src/main/java",org.apache.commons.functor.core.composite,TransformedBinaryFunction,99,0,12,0,15,0,12,0,6,0
"commons-functor (Jan 19, 2019 5:07:31 PM)/commons-functor/src/main/java",org.apache.commons.functor.core.composite,TransposedFunction,9,78,6,14,1,14,5,12,0,7
"commons-functor (Jan 19, 2019 5:07:31 PM)/commons-functor/src/main/java",org.apache.commons.functor.core.composite,BinarySequence,20,100,6,14,5,18,5,14,1,8
"commons-functor (Jan 19, 2019 5:07:31 PM)/commons-functor/src/main/java",org.apache.commons.functor.core.composite,Composite,5,55,0,0,1,9,1,9,1,9
"commons-functor (Jan 19, 2019 5:07:31 PM)/commons-functor/src/main/java",org.apache.commons.functor.core.composite,TransformedFunction.Helper,16,0,0,0,5,0,2,0,2,0
"commons-functor (Jan 19, 2019 5:07:31 PM)/commons-functor/src/main/java",org.apache.commons.functor.core.composite,ConditionalFunction,22,143,17,23,2,27,14,12,0,6
"commons-functor (Jan 19, 2019 5:07:31 PM)/commons-functor/src/main/java",org.apache.commons.functor.core.composite,UnaryAnd,4,68,0,10,2,14,1,13,1,8
"commons-functor (Jan 19, 2019 5:07:31 PM)/commons-functor/src/main/java",org.apache.commons.functor.core.composite,ConditionalBinaryPredicate,17,149,17,23,1,25,14,12,0,6
"commons-functor (Jan 19, 2019 5:07:31 PM)/commons-functor/src/main/java",org.apache.commons.functor.core.composite,BaseBinaryPredicateList,24,63,7,7,6,16,6,9,1,7
"commons-functor (Jan 19, 2019 5:07:31 PM)/commons-functor/src/main/java",org.apache.commons.functor.core.composite,ConditionalUnaryFunction,22,146,17,23,2,28,14,12,0,6
"commons-functor (Jan 19, 2019 5:07:31 PM)/commons-functor/src/main/java",org.apache.commons.functor.core.composite,UnarySequence,20,99,6,14,5,17,5,14,1,8
"commons-functor (Jan 19, 2019 5:07:31 PM)/commons-functor/src/main/java",org.apache.commons.functor.core.composite,TransformedBinaryFunction.Helper,18,0,0,0,5,0,2,0,2,0
"commons-functor (Jan 19, 2019 5:07:31 PM)/commons-functor/src/main/java",org.apache.commons.functor.core.composite,CompositeUnaryPredicate,0,93,1,11,0,18,1,13,0,8
"commons-functor (Jan 19, 2019 5:07:31 PM)/commons-functor/src/main/java",org.apache.commons.functor.core.composite,ConditionalUnaryProcedure,22,152,18,22,2,32,15,12,0,7
"commons-functor (Jan 19, 2019 5:07:31 PM)/commons-functor/src/main/java",org.apache.commons.functor.core.composite,UnaryCompositeBinaryFunction,10,130,4,16,2,21,4,12,0,6
"commons-functor (Jan 19, 2019 5:07:31 PM)/commons-functor/src/main/java",org.apache.commons.functor.core.composite,CompositeUnaryFunction.Helper,0,88,2,8,0,14,2,9,0,6
"commons-functor (Jan 19, 2019 5:07:31 PM)/commons-functor/src/main/java",org.apache.commons.functor.core.composite,BinaryOr,4,69,0,10,2,14,1,13,1,8
"commons-functor (Jan 19, 2019 5:07:31 PM)/commons-functor/src/main/java",org.apache.commons.functor.generator,GenerateUntil,75,23,14,2,15,8,10,3,2,3
"commons-functor (Jan 19, 2019 5:07:31 PM)/commons-functor/src/main/java",org.apache.commons.functor.generator,GenerateWhile,75,23,14,2,15,8,10,3,2,3
"commons-functor (Jan 19, 2019 5:07:31 PM)/commons-functor/src/main/java",org.apache.commons.functor.generator,UntilGenerate.new UnaryProcedure() {...},0,25,0,2,0,7,0,3,0,2
"commons-functor (Jan 19, 2019 5:07:31 PM)/commons-functor/src/main/java",org.apache.commons.functor.generator,IteratorToGeneratorAdapter,0,82,0,12,0,22,0,12,0,6
"commons-functor (Jan 19, 2019 5:07:31 PM)/commons-functor/src/main/java",org.apache.commons.functor.generator,TransformedGenerator.new UnaryProcedure() {...},0,18,0,0,0,4,0,2,0,2
"commons-functor (Jan 19, 2019 5:07:31 PM)/commons-functor/src/main/java",org.apache.commons.functor.generator,TransformedGenerator,63,23,10,2,14,8,8,3,2,3
"commons-functor (Jan 19, 2019 5:07:31 PM)/commons-functor/src/main/java",org.apache.commons.functor.generator,WhileGenerate,75,23,14,2,15,8,10,3,2,3
"commons-functor (Jan 19, 2019 5:07:31 PM)/commons-functor/src/main/java",org.apache.commons.functor.generator,FilteredGenerator,75,24,14,2,15,8,10,3,2,3
"commons-functor (Jan 19, 2019 5:07:31 PM)/commons-functor/src/main/java",org.apache.commons.functor.generator,UntilGenerate,75,23,14,2,15,8,10,3,2,3
"commons-functor (Jan 19, 2019 5:07:31 PM)/commons-functor/src/main/java",org.apache.commons.functor.generator,BaseGenerator,0,48,0,2,0,15,0,9,0,8
"commons-functor (Jan 19, 2019 5:07:31 PM)/commons-functor/src/main/java",org.apache.commons.functor.generator,GenerateUntil.new UnaryProcedure() {...},0,24,0,2,0,6,0,3,0,2
"commons-functor (Jan 19, 2019 5:07:31 PM)/commons-functor/src/main/java",org.apache.commons.functor.generator,GenerateWhile.new UnaryProcedure() {...},0,24,0,2,0,6,0,3,0,2
"commons-functor (Jan 19, 2019 5:07:31 PM)/commons-functor/src/main/java",org.apache.commons.functor.generator,WhileGenerate.new UnaryProcedure() {...},0,25,0,2,0,7,0,3,0,2
"commons-functor (Jan 19, 2019 5:07:31 PM)/commons-functor/src/main/java",org.apache.commons.functor.core.comparator,ComparatorFunction,5,68,2,10,1,12,2,12,0,8
"commons-functor (Jan 19, 2019 5:07:31 PM)/commons-functor/src/main/java",org.apache.commons.functor.core.comparator,IsEquivalent,18,78,6,10,5,17,6,12,1,9
"commons-functor (Jan 19, 2019 5:07:31 PM)/commons-functor/src/main/java",org.apache.commons.functor.core.comparator,IsGreaterThanOrEqual,14,83,6,10,3,20,5,13,0,10
"commons-functor (Jan 19, 2019 5:07:31 PM)/commons-functor/src/main/java",org.apache.commons.functor.core.comparator,Max,11,74,2,12,2,14,3,14,1,9
"commons-functor (Jan 19, 2019 5:07:31 PM)/commons-functor/src/main/java",org.apache.commons.functor.core.comparator,IsGreaterThan,14,83,6,10,3,19,5,13,0,10
"commons-functor (Jan 19, 2019 5:07:31 PM)/commons-functor/src/main/java",org.apache.commons.functor.core.comparator,IsNotEquivalent,14,82,6,10,3,19,5,13,0,10
"commons-functor (Jan 19, 2019 5:07:31 PM)/commons-functor/src/main/java",org.apache.commons.functor.core.comparator,ComparableComparator,0,24,0,0,0,9,0,7,0,7
"commons-functor (Jan 19, 2019 5:07:31 PM)/commons-functor/src/main/java",org.apache.commons.functor.core.comparator,IsLessThan,14,83,6,10,3,19,5,13,0,10
"commons-functor (Jan 19, 2019 5:07:31 PM)/commons-functor/src/main/java",org.apache.commons.functor.core.comparator,IsLessThanOrEqual,14,83,6,10,3,19,5,13,0,10
"commons-functor (Jan 19, 2019 5:07:31 PM)/commons-functor/src/main/java",org.apache.commons.functor.core.comparator,IsWithinRange,0,108,1,17,0,20,1,15,0,7
"commons-functor (Jan 19, 2019 5:07:31 PM)/commons-functor/src/main/java",org.apache.commons.functor.core.comparator,Min,11,74,2,12,2,14,3,14,1,9
"commons-functor (Jan 19, 2019 5:07:31 PM)/commons-functor/src/main/java",org.apache.commons.functor.core,IsSame,8,25,0,2,1,9,1,8,1,7
"commons-functor (Jan 19, 2019 5:07:31 PM)/commons-functor/src/main/java",org.apache.commons.functor.core,Limit,0,45,0,4,0,12,0,7,0,5
"commons-functor (Jan 19, 2019 5:07:31 PM)/commons-functor/src/main/java",org.apache.commons.functor.core,LeftIdentity,3,16,0,0,2,5,1,3,1,3
"commons-functor (Jan 19, 2019 5:07:31 PM)/commons-functor/src/main/java",org.apache.commons.functor.core,IsNotEqual,8,34,0,6,1,9,1,10,1,7
"commons-functor (Jan 19, 2019 5:07:31 PM)/commons-functor/src/main/java",org.apache.commons.functor.core,Identity,0,30,0,0,0,11,0,9,0,9
"commons-functor (Jan 19, 2019 5:07:31 PM)/commons-functor/src/main/java",org.apache.commons.functor.core,IsEqual,0,39,0,6,0,10,0,11,0,8
"commons-functor (Jan 19, 2019 5:07:31 PM)/commons-functor/src/main/java",org.apache.commons.functor.core,IsInstance,0,32,0,0,0,9,0,8,0,8
"commons-functor (Jan 19, 2019 5:07:31 PM)/commons-functor/src/main/java",org.apache.commons.functor.core,Offset,0,45,0,4,0,12,0,7,0,5
"commons-functor (Jan 19, 2019 5:07:31 PM)/commons-functor/src/main/java",org.apache.commons.functor.core,IsNotNull,0,38,0,2,0,13,0,10,0,9
"commons-functor (Jan 19, 2019 5:07:31 PM)/commons-functor/src/main/java",org.apache.commons.functor.core,IsNull,0,38,0,2,0,13,0,10,0,9
"commons-functor (Jan 19, 2019 5:07:31 PM)/commons-functor/src/main/java",org.apache.commons.functor.core,RightIdentity,9,14,0,0,4,4,2,2,2,2
"commons-functor (Jan 19, 2019 5:07:31 PM)/commons-functor/src/main/java",org.apache.commons.functor.core,IsNotSame,8,25,0,2,1,9,1,8,1,7
"commons-functor (Jan 19, 2019 5:07:31 PM)/commons-functor/src/main/java",org.apache.commons.functor.core,Constant,1,109,2,16,0,23,2,23,0,16
"commons-functor (Jan 19, 2019 5:07:31 PM)/commons-functor/src/main/java",org.apache.commons.functor.core,NoOp,4,21,0,0,2,11,2,9,2,9
"commons-functor (Jan 19, 2019 5:07:31 PM)/commons-functor/src/main/java",org.apache.commons.functor.core.algorithm,DoWhile,0,13,0,2,0,5,0,3,0,2
"commons-functor (Jan 19, 2019 5:07:31 PM)/commons-functor/src/main/java",org.apache.commons.functor.core.algorithm,UntilDo,0,14,0,2,0,5,0,3,0,2
"commons-functor (Jan 19, 2019 5:07:31 PM)/commons-functor/src/main/java",org.apache.commons.functor.core.algorithm,FindWithinGenerator.FindProcedure,0,21,0,4,0,7,0,4,0,2
"commons-functor (Jan 19, 2019 5:07:31 PM)/commons-functor/src/main/java",org.apache.commons.functor.core.algorithm,InPlaceTransform,18,21,6,2,2,6,5,5,2,4
"commons-functor (Jan 19, 2019 5:07:31 PM)/commons-functor/src/main/java",org.apache.commons.functor.core.algorithm,RecursiveEvaluation,47,46,8,6,8,15,8,5,2,4
"commons-functor (Jan 19, 2019 5:07:31 PM)/commons-functor/src/main/java",org.apache.commons.functor.core.algorithm,DoUntil,0,13,0,2,0,5,0,3,0,2
"commons-functor (Jan 19, 2019 5:07:31 PM)/commons-functor/src/main/java",org.apache.commons.functor.core.algorithm,IndexOfInGenerator.IndexProcedure,39,0,4,0,11,0,4,0,2,0
"commons-functor (Jan 19, 2019 5:07:31 PM)/commons-functor/src/main/java",org.apache.commons.functor.core.algorithm,RetainMatching,18,22,6,0,2,6,5,4,2,4
"commons-functor (Jan 19, 2019 5:07:31 PM)/commons-functor/src/main/java",org.apache.commons.functor.core.algorithm,FoldLeft,26,31,4,0,6,9,4,3,2,3
"commons-functor (Jan 19, 2019 5:07:31 PM)/commons-functor/src/main/java",org.apache.commons.functor.core.algorithm,PredicatedLoop,71,15,10,0,14,6,7,3,2,3
"commons-functor (Jan 19, 2019 5:07:31 PM)/commons-functor/src/main/java",org.apache.commons.functor.core.algorithm,GeneratorContains,18,21,6,0,2,6,5,4,2,4
"commons-functor (Jan 19, 2019 5:07:31 PM)/commons-functor/src/main/java",org.apache.commons.functor.core.algorithm,IndexOfInGenerator,41,0,6,0,8,0,9,0,6,0
"commons-functor (Jan 19, 2019 5:07:31 PM)/commons-functor/src/main/java",org.apache.commons.functor.core.algorithm,FindWithinGenerator,61,58,18,4,12,18,11,7,2,5
"commons-functor (Jan 19, 2019 5:07:31 PM)/commons-functor/src/main/java",org.apache.commons.functor.core.algorithm,FoldRight.FoldRightHelper,2,61,1,7,1,17,1,7,0,4
"commons-functor (Jan 19, 2019 5:07:31 PM)/commons-functor/src/main/java",org.apache.commons.functor.core.algorithm,RemoveMatching,18,22,6,4,2,7,5,6,2,4
"commons-functor (Jan 19, 2019 5:07:31 PM)/commons-functor/src/main/java",org.apache.commons.functor.core.algorithm,WhileDo,0,14,0,2,0,5,0,3,0,2
"commons-functor (Jan 19, 2019 5:07:31 PM)/commons-functor/src/main/java",org.apache.commons.functor.core.algorithm,GeneratorContains.ContainsProcedure,0,16,0,0,0,5,0,2,0,2
"commons-functor (Jan 19, 2019 5:07:31 PM)/commons-functor/src/main/java",org.apache.commons.functor.core.algorithm,FoldRight,26,31,4,0,6,9,4,3,2,3
"commons-functor (Jan 19, 2019 5:07:31 PM)/commons-functor/src/main/java",org.apache.commons.functor.core.algorithm,FoldLeft.FoldLeftHelper,1,47,1,5,0,14,1,6,0,4
"commons-functor (Jan 19, 2019 5:07:31 PM)/commons-functor/src/test/java",org.apache.commons.functor.core.collection,TestFilteredIterator,59,386,7,29,14,95,7,31,0,20
"commons-functor (Jan 19, 2019 5:07:31 PM)/commons-functor/src/test/java",org.apache.commons.functor.core.collection,TestTransformedIterator.new UnaryFunction() {...},0,15,0,0,0,3,0,2,0,2
"commons-functor (Jan 19, 2019 5:07:31 PM)/commons-functor/src/test/java",org.apache.commons.functor.core.collection,TestFilteredIterable.new UnaryPredicate() {...},0,17,1,3,0,3,1,3,0,2
"commons-functor (Jan 19, 2019 5:07:31 PM)/commons-functor/src/test/java",org.apache.commons.functor.core.collection,TestFilteredIterator.new UnaryPredicate() {...},0,16,0,2,0,3,0,3,0,2
"commons-functor (Jan 19, 2019 5:07:31 PM)/commons-functor/src/test/java",org.apache.commons.functor.core.collection,TestTransformedIterator,52,278,3,15,14,70,3,22,0,16
"commons-functor (Jan 19, 2019 5:07:31 PM)/commons-functor/src/test/java",org.apache.commons.functor.core.collection,TestSize,19,176,1,5,4,34,1,10,0,8
"commons-functor (Jan 19, 2019 5:07:31 PM)/commons-functor/src/test/java",org.apache.commons.functor.core.collection,TestFilteredIterable,50,555,0,22,14,117,0,38,0,27
"commons-functor (Jan 19, 2019 5:07:31 PM)/commons-functor/src/test/java",org.apache.commons.functor.core.collection,TestIsElementOf,50,227,5,5,8,40,5,10,0,10
"commons-functor (Jan 19, 2019 5:07:31 PM)/commons-functor/src/test/java",org.apache.commons.functor.core.collection,TestIsEmpty,29,135,6,6,4,36,6,9,0,9
"commons-functor (Jan 19, 2019 5:07:31 PM)/commons-functor/src/test/java",org.apache.commons.functor,TestAlgorithms.new UnaryFunction() {...},0,15,0,0,0,3,0,2,0,2
"commons-functor (Jan 19, 2019 5:07:31 PM)/commons-functor/src/test/java",org.apache.commons.functor,TestAlgorithms.new UnaryPredicate() {...},0,16,0,2,0,3,0,3,0,2
"commons-functor (Jan 19, 2019 5:07:31 PM)/commons-functor/src/test/java",org.apache.commons.functor,TestAlgorithms.Counter,0,13,0,0,0,4,0,2,0,2
"commons-functor (Jan 19, 2019 5:07:31 PM)/commons-functor/src/test/java",org.apache.commons.functor,TestAlgorithms.new BinaryFunction() {...},3,19,1,1,0,4,1,2,0,2
"commons-functor (Jan 19, 2019 5:07:31 PM)/commons-functor/src/test/java",org.apache.commons.functor,TestAlgorithms,13,684,1,17,2,125,1,33,0,25
"commons-functor (Jan 19, 2019 5:07:31 PM)/commons-functor/src/test/java",org.apache.commons.functor,TestAlgorithms.Summer,0,15,0,0,0,4,0,2,0,2
"commons-functor (Jan 19, 2019 5:07:31 PM)/commons-functor/src/test/java",org.apache.commons.functor,TestAlgorithms.Doubler,0,12,0,0,0,2,0,2,0,2
"commons-functor (Jan 19, 2019 5:07:31 PM)/commons-functor/src/test/java",org.apache.commons.functor,BaseFunctorTest,13,194,7,11,0,41,7,9,0,7
"commons-functor (Jan 19, 2019 5:07:31 PM)/commons-functor/src/test/java",org.apache.commons.functor,TestAlgorithms.RecFunc,0,51,0,4,0,10,0,4,0,2
"commons-functor (Jan 19, 2019 5:07:31 PM)/commons-functor/src/test/java",org.apache.commons.functor,TestAlgorithms.new BinaryFunction() {...},0,17,0,0,0,3,0,2,0,2
"commons-functor (Jan 19, 2019 5:07:31 PM)/commons-functor/src/test/java",org.apache.commons.functor,TestAlgorithms.new UnaryPredicate() {...},0,16,0,2,0,3,0,3,0,2
"commons-functor (Jan 19, 2019 5:07:31 PM)/commons-functor/src/test/java",org.apache.commons.functor.generator.util,TestLongRange,24,275,0,4,6,50,0,13,0,11
"commons-functor (Jan 19, 2019 5:07:31 PM)/commons-functor/src/test/java",org.apache.commons.functor.generator.util,TestEachElement,0,301,1,11,0,59,1,14,0,9
"commons-functor (Jan 19, 2019 5:07:31 PM)/commons-functor/src/test/java",org.apache.commons.functor.generator.util,TestIntegerRange,24,273,0,4,6,50,0,13,0,11
"commons-functor (Jan 19, 2019 5:07:31 PM)/commons-functor/src/test/java",org.apache.commons.functor.core.composite,TestBinaryNot,0,68,0,0,0,18,0,6,0,6
"commons-functor (Jan 19, 2019 5:07:31 PM)/commons-functor/src/test/java",org.apache.commons.functor.core.composite,TestConditionalPredicate,2,68,1,1,0,34,1,4,0,4
"commons-functor (Jan 19, 2019 5:07:31 PM)/commons-functor/src/test/java",org.apache.commons.functor.core.composite,TestBinaryAnd,12,443,6,18,0,59,6,12,0,6
"commons-functor (Jan 19, 2019 5:07:31 PM)/commons-functor/src/test/java",org.apache.commons.functor.core.composite,TestTransposedFunction,0,59,0,0,0,16,0,6,0,6
"commons-functor (Jan 19, 2019 5:07:31 PM)/commons-functor/src/test/java",org.apache.commons.functor.core.composite,TestCompositeUnaryFunction.new UnaryFunction() {...},0,19,0,2,0,5,0,3,0,2
"commons-functor (Jan 19, 2019 5:07:31 PM)/commons-functor/src/test/java",org.apache.commons.functor.core.composite,TestConditionalBinaryFunction,0,77,0,0,0,30,0,4,0,4
"commons-functor (Jan 19, 2019 5:07:31 PM)/commons-functor/src/test/java",org.apache.commons.functor.core.composite,TestConditional,0,40,0,0,0,11,0,4,0,4
"commons-functor (Jan 19, 2019 5:07:31 PM)/commons-functor/src/test/java",org.apache.commons.functor.core.composite,TestConditionalBinaryProcedure,0,108,0,0,0,37,0,4,0,4
"commons-functor (Jan 19, 2019 5:07:31 PM)/commons-functor/src/test/java",org.apache.commons.functor.core.composite,MockLoopProcedure,1,5,0,0,1,2,1,1,1,1
"commons-functor (Jan 19, 2019 5:07:31 PM)/commons-functor/src/test/java",org.apache.commons.functor.core.composite,TestUnaryNot,0,65,0,0,0,18,0,6,0,6
"commons-functor (Jan 19, 2019 5:07:31 PM)/commons-functor/src/test/java",org.apache.commons.functor.core.composite,TestBinaryCompositeBinaryFunction,0,143,0,0,0,51,0,6,0,6
"commons-functor (Jan 19, 2019 5:07:31 PM)/commons-functor/src/test/java",org.apache.commons.functor.core.composite,TestConditionalProcedure,0,160,0,0,0,54,0,4,0,4
"commons-functor (Jan 19, 2019 5:07:31 PM)/commons-functor/src/test/java",org.apache.commons.functor.core.composite,TestConditionalProcedure.RunCounter,0,13,0,0,0,4,0,2,0,2
"commons-functor (Jan 19, 2019 5:07:31 PM)/commons-functor/src/test/java",org.apache.commons.functor.core.composite,TestDoWhileProcedure.new Predicate() {...},0,21,0,2,0,4,0,3,0,2
"commons-functor (Jan 19, 2019 5:07:31 PM)/commons-functor/src/test/java",org.apache.commons.functor.core.composite,TestConditionalFunction,0,82,0,0,0,34,0,4,0,4
"commons-functor (Jan 19, 2019 5:07:31 PM)/commons-functor/src/test/java",org.apache.commons.functor.core.composite,TestWhileDoProcedure.new Predicate() {...},0,21,0,2,0,4,0,3,0,2
"commons-functor (Jan 19, 2019 5:07:31 PM)/commons-functor/src/test/java",org.apache.commons.functor.core.composite,TestDoWhileProcedure.ListRemoveFirstProcedure,0,15,0,0,0,5,0,2,0,2
"commons-functor (Jan 19, 2019 5:07:31 PM)/commons-functor/src/test/java",org.apache.commons.functor.core.composite,TestCompositeUnaryPredicate,13,121,0,4,4,30,0,8,0,6
"commons-functor (Jan 19, 2019 5:07:31 PM)/commons-functor/src/test/java",org.apache.commons.functor.core.composite,TestConditionalUnaryFunction,0,75,0,0,0,30,0,4,0,4
"commons-functor (Jan 19, 2019 5:07:31 PM)/commons-functor/src/test/java",org.apache.commons.functor.core.composite,TestConditionalBinaryPredicate,0,70,0,0,0,34,0,4,0,4
"commons-functor (Jan 19, 2019 5:07:31 PM)/commons-functor/src/test/java",org.apache.commons.functor.core.composite,TestBinarySequence.RunCounter,0,13,0,0,0,4,0,2,0,2
"commons-functor (Jan 19, 2019 5:07:31 PM)/commons-functor/src/test/java",org.apache.commons.functor.core.composite,TestCompositeUnaryProcedure,93,7,2,0,26,2,5,2,4,2
"commons-functor (Jan 19, 2019 5:07:31 PM)/commons-functor/src/test/java",org.apache.commons.functor.core.composite,TestConditionalBinaryProcedure.RunCounter,0,13,0,0,0,4,0,2,0,2
"commons-functor (Jan 19, 2019 5:07:31 PM)/commons-functor/src/test/java",org.apache.commons.functor.core.composite,TestDoWhileProcedure,2,152,2,2,0,34,2,5,0,5
"commons-functor (Jan 19, 2019 5:07:31 PM)/commons-functor/src/test/java",org.apache.commons.functor.core.composite,TestSequence,0,262,0,6,0,45,0,10,0,7
"commons-functor (Jan 19, 2019 5:07:31 PM)/commons-functor/src/test/java",org.apache.commons.functor.core.composite,TestUnarySequence.RunCounter,0,13,0,0,0,4,0,2,0,2
"commons-functor (Jan 19, 2019 5:07:31 PM)/commons-functor/src/test/java",org.apache.commons.functor.core.composite,TestUnaryCompositeBinaryFunction,0,89,0,0,0,35,0,4,0,4
"commons-functor (Jan 19, 2019 5:07:31 PM)/commons-functor/src/test/java",org.apache.commons.functor.core.composite,TestTransposedProcedure.LeftNotNullCounter,0,15,0,2,0,5,0,3,0,2
"commons-functor (Jan 19, 2019 5:07:31 PM)/commons-functor/src/test/java",org.apache.commons.functor.core.composite,TestAbstractLoopProcedure,0,34,0,0,0,8,0,3,0,3
"commons-functor (Jan 19, 2019 5:07:31 PM)/commons-functor/src/test/java",org.apache.commons.functor.core.composite,TestUnaryCompositeBinaryPredicate,0,75,0,0,0,30,0,4,0,4
"commons-functor (Jan 19, 2019 5:07:31 PM)/commons-functor/src/test/java",org.apache.commons.functor.core.composite,TestNot,0,53,0,0,0,16,0,6,0,6
"commons-functor (Jan 19, 2019 5:07:31 PM)/commons-functor/src/test/java",org.apache.commons.functor.core.composite,TestConditionalUnaryProcedure,0,102,0,0,0,37,0,4,0,4
"commons-functor (Jan 19, 2019 5:07:31 PM)/commons-functor/src/test/java",org.apache.commons.functor.core.composite,TestAnd,12,379,6,18,0,57,6,12,0,6
"commons-functor (Jan 19, 2019 5:07:31 PM)/commons-functor/src/test/java",org.apache.commons.functor.core.composite,TestConditionalUnaryProcedure.RunCounter,0,13,0,0,0,4,0,2,0,2
"commons-functor (Jan 19, 2019 5:07:31 PM)/commons-functor/src/test/java",org.apache.commons.functor.core.composite,TestUnaryOr,18,453,9,25,0,63,9,14,0,6
"commons-functor (Jan 19, 2019 5:07:31 PM)/commons-functor/src/test/java",org.apache.commons.functor.core.composite,TestWhileDoProcedure.ListRemoveFirstProcedure,0,15,0,0,0,5,0,2,0,2
"commons-functor (Jan 19, 2019 5:07:31 PM)/commons-functor/src/test/java",org.apache.commons.functor.core.composite,TestBinarySequence,0,303,0,6,0,51,0,10,0,7
"commons-functor (Jan 19, 2019 5:07:31 PM)/commons-functor/src/test/java",org.apache.commons.functor.core.composite,TestBinaryOr,18,529,9,25,0,63,9,14,0,6
"commons-functor (Jan 19, 2019 5:07:31 PM)/commons-functor/src/test/java",org.apache.commons.functor.core.composite,TestOr,2,418,1,17,0,63,1,14,0,6
"commons-functor (Jan 19, 2019 5:07:31 PM)/commons-functor/src/test/java",org.apache.commons.functor.core.composite,TestCompositeUnaryFunction,0,140,0,6,0,23,0,8,0,5
"commons-functor (Jan 19, 2019 5:07:31 PM)/commons-functor/src/test/java",org.apache.commons.functor.core.composite,TestUnaryAnd,6,392,3,15,0,57,3,12,0,6
"commons-functor (Jan 19, 2019 5:07:31 PM)/commons-functor/src/test/java",org.apache.commons.functor.core.composite,TestTransposedProcedure,0,80,0,0,0,21,0,6,0,6
"commons-functor (Jan 19, 2019 5:07:31 PM)/commons-functor/src/test/java",org.apache.commons.functor.core.composite,TestConditionalUnaryPredicate,2,63,1,1,0,30,1,4,0,4
"commons-functor (Jan 19, 2019 5:07:31 PM)/commons-functor/src/test/java",org.apache.commons.functor.core.composite,TestSequence.RunCounter,0,13,0,0,0,4,0,2,0,2
"commons-functor (Jan 19, 2019 5:07:31 PM)/commons-functor/src/test/java",org.apache.commons.functor.core.composite,TestUnarySequence,0,295,0,6,0,51,0,10,0,7
"commons-functor (Jan 19, 2019 5:07:31 PM)/commons-functor/src/test/java",org.apache.commons.functor.core.composite,TestWhileDoProcedure,2,152,2,2,0,34,2,5,0,5
"commons-functor (Jan 19, 2019 5:07:31 PM)/commons-functor/src/test/java",org.apache.commons.functor.core.composite,TestComposite,0,41,0,0,0,11,0,4,0,4
"commons-functor (Jan 19, 2019 5:07:31 PM)/commons-functor/src/test/java",org.apache.commons.functor.core.composite,TestTransposedPredicate,0,67,0,0,0,18,0,6,0,6
"commons-functor (Jan 19, 2019 5:07:31 PM)/commons-functor/src/test/java",org.apache.commons.functor.core.comparator,TestIsGreaterThan,2,119,1,1,0,19,1,5,0,5
"commons-functor (Jan 19, 2019 5:07:31 PM)/commons-functor/src/test/java",org.apache.commons.functor.core.comparator,TestIsLessThan,0,117,0,0,0,19,0,5,0,5
"commons-functor (Jan 19, 2019 5:07:31 PM)/commons-functor/src/test/java",org.apache.commons.functor.core.comparator,BaseComparisonPredicateTest,68,19,0,0,12,11,0,3,0,3
"commons-functor (Jan 19, 2019 5:07:31 PM)/commons-functor/src/test/java",org.apache.commons.functor.core.comparator,TestIsEquivalent,10,104,5,5,0,18,5,5,0,5
"commons-functor (Jan 19, 2019 5:07:31 PM)/commons-functor/src/test/java",org.apache.commons.functor.core.comparator,TestMin,0,113,0,0,0,21,0,4,0,4
"commons-functor (Jan 19, 2019 5:07:31 PM)/commons-functor/src/test/java",org.apache.commons.functor.core.comparator,TestIsGreaterThanOrEqual,2,119,1,1,0,19,1,5,0,5
"commons-functor (Jan 19, 2019 5:07:31 PM)/commons-functor/src/test/java",org.apache.commons.functor.core.comparator,TestComparatorFunction,25,401,25,25,0,34,25,4,0,4
"commons-functor (Jan 19, 2019 5:07:31 PM)/commons-functor/src/test/java",org.apache.commons.functor.core.comparator,TestComparableComparator,31,105,6,6,4,15,6,5,0,5
"commons-functor (Jan 19, 2019 5:07:31 PM)/commons-functor/src/test/java",org.apache.commons.functor.core.comparator,TestIsLessThanOrEqual,0,117,0,0,0,19,0,5,0,5
"commons-functor (Jan 19, 2019 5:07:31 PM)/commons-functor/src/test/java",org.apache.commons.functor.core.comparator,TestIsNotEquivalent,4,114,2,2,0,18,2,5,0,5
"commons-functor (Jan 19, 2019 5:07:31 PM)/commons-functor/src/test/java",org.apache.commons.functor.core.comparator,TestMax,0,113,0,0,0,21,0,4,0,4
"commons-functor (Jan 19, 2019 5:07:31 PM)/commons-functor/src/test/java",org.apache.commons.functor.core.comparator,TestIsWithinRange,53,228,6,6,8,33,6,6,0,6
"commons-functor (Jan 19, 2019 5:07:31 PM)/commons-functor/src/test/java",org.apache.commons.functor.example.lines,TestLines,0,190,0,0,0,41,0,11,0,11
"commons-functor (Jan 19, 2019 5:07:31 PM)/commons-functor/src/test/java",org.apache.commons.functor.example.lines,Contains,0,22,1,3,0,5,1,3,0,2
"commons-functor (Jan 19, 2019 5:07:31 PM)/commons-functor/src/test/java",org.apache.commons.functor.example.lines,Lines,33,45,1,3,9,15,2,5,1,4
"commons-functor (Jan 19, 2019 5:07:31 PM)/commons-functor/src/test/java",org.apache.commons.functor.example.lines,StartsWith,0,21,1,3,0,5,1,3,0,2
"commons-functor (Jan 19, 2019 5:07:31 PM)/commons-functor/src/test/java",org.apache.commons.functor.example.lines,TestAll,4,9,0,0,2,3,1,1,1,1
"commons-functor (Jan 19, 2019 5:07:31 PM)/commons-functor/src/test/java",org.apache.commons.functor.example.lines,Sum,0,17,0,0,0,4,0,4,0,4
"commons-functor (Jan 19, 2019 5:07:31 PM)/commons-functor/src/test/java",org.apache.commons.functor.example.lines,WordCount,0,17,0,0,0,4,0,4,0,4
"commons-functor (Jan 19, 2019 5:07:31 PM)/commons-functor/src/test/java",org.apache.commons.functor.example.lines,Lines.TunneledException,17,0,0,0,6,0,2,0,2,0
"commons-functor (Jan 19, 2019 5:07:31 PM)/commons-functor/src/test/java",org.apache.commons.functor.example.lines,Count,0,16,0,0,0,5,0,3,0,3
"commons-functor (Jan 19, 2019 5:07:31 PM)/commons-functor/src/test/java",org.apache.commons.functor.example,QuicksortExample,235,305,15,17,45,79,13,17,4,10
"commons-functor (Jan 19, 2019 5:07:31 PM)/commons-functor/src/test/java",org.apache.commons.functor.example,QuicksortExample.new QuicksortExample.ListFunction() {...},0,19,0,2,0,5,0,3,0,2
"commons-functor (Jan 19, 2019 5:07:31 PM)/commons-functor/src/test/java",org.apache.commons.functor.example,FlexiMapExample.new BinaryFunction() {...},0,24,0,2,0,9,0,3,0,2
"commons-functor (Jan 19, 2019 5:07:31 PM)/commons-functor/src/test/java",org.apache.commons.functor.example,QuicksortExample.new QuicksortExample.ListFunction() {...},0,11,0,0,0,3,0,2,0,2
"commons-functor (Jan 19, 2019 5:07:31 PM)/commons-functor/src/test/java",org.apache.commons.functor.example,FlexiMapExample.new FlexiMapExample.UniversalFunctor() {...},0,12,0,0,0,3,0,2,0,2
"commons-functor (Jan 19, 2019 5:07:31 PM)/commons-functor/src/test/java",org.apache.commons.functor.example,QuicksortExample.new QuicksortExample.ObjectListFunction() {...},0,18,0,0,0,5,0,2,0,2
"commons-functor (Jan 19, 2019 5:07:31 PM)/commons-functor/src/test/java",org.apache.commons.functor.example,FlexiMapExample.UniversalFunctor,18,6,0,0,10,1,5,1,5,1
"commons-functor (Jan 19, 2019 5:07:31 PM)/commons-functor/src/test/java",org.apache.commons.functor.example,FlexiMapExample.new FlexiMapExample.UniversalFunctor() {...},0,12,0,0,0,3,0,2,0,2
"commons-functor (Jan 19, 2019 5:07:31 PM)/commons-functor/src/test/java",org.apache.commons.functor.example,FlexiMapExample.new BinaryFunction() {...},0,14,0,2,0,5,0,3,0,2
"commons-functor (Jan 19, 2019 5:07:31 PM)/commons-functor/src/test/java",org.apache.commons.functor.example,FlexiMapExample,16,400,0,0,4,104,0,17,0,17
"commons-functor (Jan 19, 2019 5:07:31 PM)/commons-functor/src/test/java",org.apache.commons.functor.example,FlexiMapExample.new BinaryFunction() {...},0,28,0,2,0,10,0,3,0,2
"commons-functor (Jan 19, 2019 5:07:31 PM)/commons-functor/src/test/java",org.apache.commons.functor.example,QuicksortExample.new QuicksortExample.ObjectListFunction() {...},0,18,0,0,0,5,0,2,0,2
"commons-functor (Jan 19, 2019 5:07:31 PM)/commons-functor/src/test/java",org.apache.commons.functor.example,QuicksortExample.new QuicksortExample.ListFunction() {...},0,67,0,0,0,15,0,2,0,2
"commons-functor (Jan 19, 2019 5:07:31 PM)/commons-functor/src/test/java",org.apache.commons.functor.example,FlexiMapExample.FlexiMap,50,61,0,4,10,12,10,5,10,3
"commons-functor (Jan 19, 2019 5:07:31 PM)/commons-functor/src/test/java",org.apache.commons.functor.example,QuicksortExample.ListFunction,20,14,3,1,5,3,2,2,0,2
"commons-functor (Jan 19, 2019 5:07:31 PM)/commons-functor/src/test/java",org.apache.commons.functor.example,QuicksortExample.ObjectListFunction,27,17,6,2,7,3,4,2,0,2
"commons-functor (Jan 19, 2019 5:07:31 PM)/commons-functor/src/test/java",org.apache.commons.functor.adapter,TestBinaryProcedureBinaryFunction.new BinaryProcedure() {...},1,6,0,0,1,2,1,1,1,1
"commons-functor (Jan 19, 2019 5:07:31 PM)/commons-functor/src/test/java",org.apache.commons.functor.adapter,TestIgnoreLeftProcedure,0,47,0,0,0,15,0,6,0,6
"commons-functor (Jan 19, 2019 5:07:31 PM)/commons-functor/src/test/java",org.apache.commons.functor.adapter,TestRightBoundPredicate,0,88,0,0,0,20,0,6,0,6
"commons-functor (Jan 19, 2019 5:07:31 PM)/commons-functor/src/test/java",org.apache.commons.functor.adapter,TestBinaryFunctionBinaryProcedure,0,81,0,0,0,20,0,6,0,6
"commons-functor (Jan 19, 2019 5:07:31 PM)/commons-functor/src/test/java",org.apache.commons.functor.adapter,TestIgnoreLeftPredicate,2,70,1,1,0,20,1,6,0,6
"commons-functor (Jan 19, 2019 5:07:31 PM)/commons-functor/src/test/java",org.apache.commons.functor.adapter,TestRightBoundFunction,0,66,0,0,0,17,0,6,0,6
"commons-functor (Jan 19, 2019 5:07:31 PM)/commons-functor/src/test/java",org.apache.commons.functor.adapter,TestUnaryProcedureUnaryFunction,0,60,0,0,0,16,0,6,0,6
"commons-functor (Jan 19, 2019 5:07:31 PM)/commons-functor/src/test/java",org.apache.commons.functor.adapter,TestProcedureFunction,0,59,0,0,0,16,0,6,0,6
"commons-functor (Jan 19, 2019 5:07:31 PM)/commons-functor/src/test/java",org.apache.commons.functor.adapter,TestLeftBoundPredicate,0,88,0,0,0,20,0,6,0,6
"commons-functor (Jan 19, 2019 5:07:31 PM)/commons-functor/src/test/java",org.apache.commons.functor.adapter,TestBinaryPredicateBinaryFunction,0,67,0,0,0,18,0,7,0,7
"commons-functor (Jan 19, 2019 5:07:31 PM)/commons-functor/src/test/java",org.apache.commons.functor.adapter,TestIgnoreRightFunction,0,80,0,0,0,19,0,6,0,6
"commons-functor (Jan 19, 2019 5:07:31 PM)/commons-functor/src/test/java",org.apache.commons.functor.adapter,TestIgnoreLeftFunction,0,80,0,0,0,19,0,6,0,6
"commons-functor (Jan 19, 2019 5:07:31 PM)/commons-functor/src/test/java",org.apache.commons.functor.adapter,TestBinaryFunctionUnaryFunction,0,70,0,0,0,18,0,7,0,7
"commons-functor (Jan 19, 2019 5:07:31 PM)/commons-functor/src/test/java",org.apache.commons.functor.adapter,TestRightBoundProcedure,0,83,0,0,0,20,0,6,0,6
"commons-functor (Jan 19, 2019 5:07:31 PM)/commons-functor/src/test/java",org.apache.commons.functor.adapter,TestIgnoreRightProcedure,0,47,0,0,0,15,0,6,0,6
"commons-functor (Jan 19, 2019 5:07:31 PM)/commons-functor/src/test/java",org.apache.commons.functor.adapter,TestLeftBoundProcedure,0,89,0,0,0,21,0,6,0,6
"commons-functor (Jan 19, 2019 5:07:31 PM)/commons-functor/src/test/java",org.apache.commons.functor.adapter,TestFunctionProcedure,0,75,0,0,0,20,0,6,0,6
"commons-functor (Jan 19, 2019 5:07:31 PM)/commons-functor/src/test/java",org.apache.commons.functor.adapter,TestUnaryFunctionUnaryProcedure,0,77,0,0,0,20,0,6,0,6
"commons-functor (Jan 19, 2019 5:07:31 PM)/commons-functor/src/test/java",org.apache.commons.functor.adapter,TestPredicateUnaryPredicate,0,53,0,0,0,16,0,6,0,6
"commons-functor (Jan 19, 2019 5:07:31 PM)/commons-functor/src/test/java",org.apache.commons.functor.adapter,TestBinaryPredicateUnaryPredicate,0,60,0,0,0,18,0,7,0,7
"commons-functor (Jan 19, 2019 5:07:31 PM)/commons-functor/src/test/java",org.apache.commons.functor.adapter,TestPredicateFunction,0,63,0,0,0,18,0,7,0,7
"commons-functor (Jan 19, 2019 5:07:31 PM)/commons-functor/src/test/java",org.apache.commons.functor.adapter,TestBinaryProcedureBinaryFunction,0,63,0,0,0,17,0,6,0,6
"commons-functor (Jan 19, 2019 5:07:31 PM)/commons-functor/src/test/java",org.apache.commons.functor.adapter,TestLeftBoundFunction,0,70,0,0,0,17,0,6,0,6
"commons-functor (Jan 19, 2019 5:07:31 PM)/commons-functor/src/test/java",org.apache.commons.functor.adapter,TestUnaryFunctionUnaryPredicate,2,62,1,1,0,18,1,7,0,7
"commons-functor (Jan 19, 2019 5:07:31 PM)/commons-functor/src/test/java",org.apache.commons.functor.adapter,TestProcedureFunction.new Procedure() {...},1,6,0,0,0,2,1,1,1,1
"commons-functor (Jan 19, 2019 5:07:31 PM)/commons-functor/src/test/java",org.apache.commons.functor.adapter,TestBoundFunction,0,77,0,0,0,18,0,6,0,6
"commons-functor (Jan 19, 2019 5:07:31 PM)/commons-functor/src/test/java",org.apache.commons.functor.adapter,TestFullyBoundPredicate,0,90,0,0,0,20,0,6,0,6
"commons-functor (Jan 19, 2019 5:07:31 PM)/commons-functor/src/test/java",org.apache.commons.functor.adapter,TestIgnoreRightPredicate,2,70,1,1,0,20,1,6,0,6
"commons-functor (Jan 19, 2019 5:07:31 PM)/commons-functor/src/test/java",org.apache.commons.functor.adapter,TestUnaryPredicateUnaryFunction,0,63,0,0,0,18,0,7,0,7
"commons-functor (Jan 19, 2019 5:07:31 PM)/commons-functor/src/test/java",org.apache.commons.functor.adapter,TestProcedureUnaryProcedure,0,47,0,0,0,14,0,6,0,6
"commons-functor (Jan 19, 2019 5:07:31 PM)/commons-functor/src/test/java",org.apache.commons.functor.adapter,TestBoundProcedure,0,83,0,0,0,18,0,6,0,6
"commons-functor (Jan 19, 2019 5:07:31 PM)/commons-functor/src/test/java",org.apache.commons.functor.adapter,TestBinaryFunctionBinaryPredicate,0,62,0,0,0,18,0,7,0,7
"commons-functor (Jan 19, 2019 5:07:31 PM)/commons-functor/src/test/java",org.apache.commons.functor.adapter,TestFullyBoundFunction,0,78,0,0,0,17,0,6,0,6
"commons-functor (Jan 19, 2019 5:07:31 PM)/commons-functor/src/test/java",org.apache.commons.functor.adapter,TestUnaryProcedureUnaryFunction.new UnaryProcedure() {...},1,6,0,0,1,2,1,1,1,1
"commons-functor (Jan 19, 2019 5:07:31 PM)/commons-functor/src/test/java",org.apache.commons.functor.adapter,TestBoundPredicate,0,95,0,0,0,20,0,6,0,6
"commons-functor (Jan 19, 2019 5:07:31 PM)/commons-functor/src/test/java",org.apache.commons.functor.adapter,TestFunctionUnaryFunction,0,67,0,0,0,17,0,6,0,6
"commons-functor (Jan 19, 2019 5:07:31 PM)/commons-functor/src/test/java",org.apache.commons.functor.adapter,TestBinaryProcedureUnaryProcedure,0,50,0,0,0,15,0,6,0,6
"commons-functor (Jan 19, 2019 5:07:31 PM)/commons-functor/src/test/java",org.apache.commons.functor.adapter,TestFullyBoundProcedure,0,95,0,0,0,20,0,6,0,6
"commons-functor (Jan 19, 2019 5:07:31 PM)/commons-functor/src/test/java",org.apache.commons.functor.adapter,TestFunctionPredicate,2,60,1,1,0,18,1,7,0,7
"commons-functor (Jan 19, 2019 5:07:31 PM)/commons-functor/src/test/java",org.apache.commons.functor.example.kata.one,Divide,2,22,0,0,1,4,1,4,1,4
"commons-functor (Jan 19, 2019 5:07:31 PM)/commons-functor/src/test/java",org.apache.commons.functor.example.kata.one,SupermarketPricingExample,0,739,0,0,0,133,0,8,0,8
"commons-functor (Jan 19, 2019 5:07:31 PM)/commons-functor/src/test/java",org.apache.commons.functor.example.kata.one,Money,17,22,2,2,3,7,4,3,2,3
"commons-functor (Jan 19, 2019 5:07:31 PM)/commons-functor/src/test/java",org.apache.commons.functor.example.kata.one,Product,21,27,0,0,9,8,6,3,6,3
"commons-functor (Jan 19, 2019 5:07:31 PM)/commons-functor/src/test/java",org.apache.commons.functor.example.kata.one,Add,5,19,0,0,1,4,1,4,1,4
"commons-functor (Jan 19, 2019 5:07:31 PM)/commons-functor/src/test/java",org.apache.commons.functor.example.kata.one,ToMoney,2,18,0,0,1,4,1,4,1,4
"commons-functor (Jan 19, 2019 5:07:31 PM)/commons-functor/src/test/java",org.apache.commons.functor.example.kata.one,Subtract,5,19,0,0,1,4,1,4,1,4
"commons-functor (Jan 19, 2019 5:07:31 PM)/commons-functor/src/test/java",org.apache.commons.functor.example.kata.one,Multiply,2,22,0,0,1,4,1,4,1,4
"commons-functor (Jan 19, 2019 5:07:31 PM)/commons-functor/src/test/java",org.apache.commons.functor.example.kata.one,ArithmeticOperation,0,3,0,0,0,1,0,1,0,1
"commons-functor (Jan 19, 2019 5:07:31 PM)/commons-functor/src/test/java",org.apache.commons.functor.example.kata.one,SupermarketPricingExample.BuyNGetMFree,0,57,0,2,0,13,0,3,0,2
"commons-functor (Jan 19, 2019 5:07:31 PM)/commons-functor/src/test/java",org.apache.commons.functor.example.kata.one,Mod,0,24,0,0,0,5,0,5,0,5
"commons-functor (Jan 19, 2019 5:07:31 PM)/commons-functor/src/test/java",org.apache.commons.functor.example.kata.two,TestBinaryChop.new BaseBinaryChop() {...},0,47,0,8,0,11,0,6,0,2
"commons-functor (Jan 19, 2019 5:07:31 PM)/commons-functor/src/test/java",org.apache.commons.functor.example.kata.two,TestBinaryChop.new BaseBinaryChop() {...},0,19,0,0,0,4,0,2,0,2
"commons-functor (Jan 19, 2019 5:07:31 PM)/commons-functor/src/test/java",org.apache.commons.functor.example.kata.two,BaseBinaryChop,0,69,0,6,0,10,0,10,0,7
"commons-functor (Jan 19, 2019 5:07:31 PM)/commons-functor/src/test/java",org.apache.commons.functor.example.kata.two,TestBinaryChop.BinarySearchLoop,0,66,0,4,0,10,0,4,0,2
"commons-functor (Jan 19, 2019 5:07:31 PM)/commons-functor/src/test/java",org.apache.commons.functor.example.kata.two,TestBinaryChop.new BaseBinaryChop() {...},0,19,0,0,0,4,0,2,0,2
"commons-functor (Jan 19, 2019 5:07:31 PM)/commons-functor/src/test/java",org.apache.commons.functor.example.kata.two,TestBinaryChop.new BaseBinaryChop() {...},0,24,0,0,0,5,0,2,0,2
"commons-functor (Jan 19, 2019 5:07:31 PM)/commons-functor/src/test/java",org.apache.commons.functor.example.kata.two,EiffelStyleLoop.new Predicate() {...},1,35,1,3,0,9,1,3,0,2
"commons-functor (Jan 19, 2019 5:07:31 PM)/commons-functor/src/test/java",org.apache.commons.functor.example.kata.two,TestBinaryChop.new BaseBinaryChop() {...},0,19,0,0,0,5,0,2,0,2
"commons-functor (Jan 19, 2019 5:07:31 PM)/commons-functor/src/test/java",org.apache.commons.functor.example.kata.two,TestBinaryChop.new BaseBinaryChop() {...},0,58,0,8,0,9,0,7,0,3
"commons-functor (Jan 19, 2019 5:07:31 PM)/commons-functor/src/test/java",org.apache.commons.functor.example.kata.two,TestBinaryChop,0,496,0,0,0,42,0,10,0,10
"commons-functor (Jan 19, 2019 5:07:31 PM)/commons-functor/src/test/java",org.apache.commons.functor.example.kata.two,EiffelStyleLoop,5,81,1,3,1,26,1,10,0,9
"commons-functor (Jan 19, 2019 5:07:31 PM)/commons-functor/src/test/java",org.apache.commons.functor.example.kata.two,TestBinaryChop.new BaseBinaryChop() {...},0,16,0,2,0,4,0,3,0,2
"commons-functor (Jan 19, 2019 5:07:31 PM)/commons-functor/src/test/java",org.apache.commons.functor.example.kata.two,TestBinaryChop.new BaseBinaryChop() {...},0,61,0,8,0,11,0,7,0,3
"commons-functor (Jan 19, 2019 5:07:31 PM)/commons-functor/src/test/java",org.apache.commons.functor.example.kata.four,DataMunger,3,63,0,0,1,21,1,4,1,4
"commons-functor (Jan 19, 2019 5:07:31 PM)/commons-functor/src/test/java",org.apache.commons.functor.example.kata.four,IsInteger,0,19,0,0,0,7,0,4,0,4
"commons-functor (Jan 19, 2019 5:07:31 PM)/commons-functor/src/test/java",org.apache.commons.functor.example.kata.four,TestSoccer,0,14,0,0,0,5,0,2,0,2
"commons-functor (Jan 19, 2019 5:07:31 PM)/commons-functor/src/test/java",org.apache.commons.functor.example.kata.four,NthColumn,0,38,1,5,0,8,1,5,0,3
"commons-functor (Jan 19, 2019 5:07:31 PM)/commons-functor/src/test/java",org.apache.commons.functor.example.kata.four,TestWeather,0,20,0,0,0,7,0,3,0,3
"commons-functor (Jan 19, 2019 5:07:31 PM)/commons-functor/src/test/java",org.apache.commons.functor.example.kata.four,ToInteger,0,45,0,4,0,10,0,6,0,4
"commons-functor (Jan 19, 2019 5:07:31 PM)/commons-functor/src/test/java",org.apache.commons.functor.example.kata.four,Abs,0,17,0,0,0,4,0,4,0,4
"commons-functor (Jan 19, 2019 5:07:31 PM)/commons-functor/src/test/java",org.apache.commons.functor.generator,TestBaseGenerator.new UnaryProcedure() {...},0,31,0,2,0,7,0,3,0,2
"commons-functor (Jan 19, 2019 5:07:31 PM)/commons-functor/src/test/java",org.apache.commons.functor.generator,TestBaseGenerator.new UnaryProcedure() {...},0,15,0,0,0,4,0,2,0,2
"commons-functor (Jan 19, 2019 5:07:31 PM)/commons-functor/src/test/java",org.apache.commons.functor.generator,TestIteratorToGeneratorAdapter,6,99,0,0,2,29,0,9,0,9
"commons-functor (Jan 19, 2019 5:07:31 PM)/commons-functor/src/test/java",org.apache.commons.functor.generator,TestBaseGenerator.Summer,15,0,0,0,4,0,2,0,2,0
"commons-functor (Jan 19, 2019 5:07:31 PM)/commons-functor/src/test/java",org.apache.commons.functor.generator,TestBaseGenerator.new BaseGenerator() {...},0,23,0,0,0,6,0,2,0,2
"commons-functor (Jan 19, 2019 5:07:31 PM)/commons-functor/src/test/java",org.apache.commons.functor.generator,TestBaseGenerator.new BaseGenerator() {...},0,24,0,4,0,7,0,4,0,2
"commons-functor (Jan 19, 2019 5:07:31 PM)/commons-functor/src/test/java",org.apache.commons.functor.generator,TestBaseGenerator,0,260,0,4,0,58,0,9,0,7
"commons-functor (Jan 19, 2019 5:07:31 PM)/commons-functor/src/test/java",org.apache.commons.functor.generator,TestBaseGenerator.new UnaryProcedure() {...},0,33,0,2,0,7,0,3,0,2
"commons-functor (Jan 19, 2019 5:07:31 PM)/commons-functor/src/test/java",org.apache.commons.functor.generator,TestBaseGenerator.new UnaryProcedure() {...},0,15,0,0,0,4,0,2,0,2
"commons-functor (Jan 19, 2019 5:07:31 PM)/commons-functor/src/test/java",org.apache.commons.functor.example.map,LazyMap,0,11,0,0,0,3,0,1,0,1
"commons-functor (Jan 19, 2019 5:07:31 PM)/commons-functor/src/test/java",org.apache.commons.functor.example.map,FunctoredMap.new UnaryProcedure() {...},4,3,0,0,2,2,1,1,1,1
"commons-functor (Jan 19, 2019 5:07:31 PM)/commons-functor/src/test/java",org.apache.commons.functor.example.map,FunctoredMap.new BinaryFunction() {...},0,8,0,0,0,3,0,2,0,2
"commons-functor (Jan 19, 2019 5:07:31 PM)/commons-functor/src/test/java",org.apache.commons.functor.example.map,FunctoredMap.new BinaryFunction() {...},7,3,0,0,2,2,1,1,1,1
"commons-functor (Jan 19, 2019 5:07:31 PM)/commons-functor/src/test/java",org.apache.commons.functor.example.map,FunctoredMap.ContainsKey,0,14,0,0,0,5,0,2,0,2
"commons-functor (Jan 19, 2019 5:07:31 PM)/commons-functor/src/test/java",org.apache.commons.functor.example.map,FixedSizeMap.new BinaryFunction() {...},0,30,0,2,0,8,0,3,0,2
"commons-functor (Jan 19, 2019 5:07:31 PM)/commons-functor/src/test/java",org.apache.commons.functor.example.map,FunctoredMap.new BinaryProcedure() {...},10,3,0,0,4,2,1,1,1,1
"commons-functor (Jan 19, 2019 5:07:31 PM)/commons-functor/src/test/java",org.apache.commons.functor.example.map,TestPredicatedMap,24,112,0,0,4,28,0,8,0,8
"commons-functor (Jan 19, 2019 5:07:31 PM)/commons-functor/src/test/java",org.apache.commons.functor.example.map,PredicatedMap,0,31,0,0,0,7,0,1,0,1
"commons-functor (Jan 19, 2019 5:07:31 PM)/commons-functor/src/test/java",org.apache.commons.functor.example.map,TestLazyMap,0,242,0,4,0,47,0,8,0,6
"commons-functor (Jan 19, 2019 5:07:31 PM)/commons-functor/src/test/java",org.apache.commons.functor.example.map,LazyMap.new BinaryFunction() {...},0,32,0,2,0,8,0,3,0,2
"commons-functor (Jan 19, 2019 5:07:31 PM)/commons-functor/src/test/java",org.apache.commons.functor.example.map,FunctoredMap.new BinaryFunction() {...},0,19,0,0,0,6,0,2,0,2
"commons-functor (Jan 19, 2019 5:07:31 PM)/commons-functor/src/test/java",org.apache.commons.functor.example.map,FixedSizeMap,0,35,0,0,0,6,0,1,0,1
"commons-functor (Jan 19, 2019 5:07:31 PM)/commons-functor/src/test/java",org.apache.commons.functor.example.map,PredicatedMap.new BinaryProcedure() {...},0,50,0,6,0,10,0,5,0,2
"commons-functor (Jan 19, 2019 5:07:31 PM)/commons-functor/src/test/java",org.apache.commons.functor.example.map,TestFixedSizeMap,33,224,0,0,8,45,0,10,0,10
"commons-functor (Jan 19, 2019 5:07:31 PM)/commons-functor/src/test/java",org.apache.commons.functor.example.map,FunctoredMap,47,104,0,0,11,31,10,12,10,12
"commons-functor (Jan 19, 2019 5:07:31 PM)/commons-functor/src/test/java",org.apache.commons.functor.example.map,PredicatedMap.new BinaryPredicate() {...},0,30,0,4,0,4,0,4,0,2
"commons-functor (Jan 19, 2019 5:07:31 PM)/commons-functor/src/test/java",org.apache.commons.functor.example.map,FunctoredMap.Throw,16,15,0,0,8,5,2,2,2,2
"commons-functor (Jan 19, 2019 5:07:31 PM)/commons-functor/src/test/java",org.apache.commons.functor.example.map,TestAll,4,15,0,0,2,5,1,1,1,1
"commons-functor (Jan 19, 2019 5:07:31 PM)/commons-functor/src/test/java",org.apache.commons.functor.example.map,FixedSizeMap.new BinaryProcedure() {...},0,32,0,2,0,8,0,3,0,2
"commons-functor (Jan 19, 2019 5:07:31 PM)/commons-functor/src/test/java",org.apache.commons.functor.core,TestNoOp.new BinaryProcedure() {...},1,6,0,0,0,2,1,1,1,1
"commons-functor (Jan 19, 2019 5:07:31 PM)/commons-functor/src/test/java",org.apache.commons.functor.core,TestLimit,18,103,6,6,2,27,6,7,0,7
"commons-functor (Jan 19, 2019 5:07:31 PM)/commons-functor/src/test/java",org.apache.commons.functor.core,TestIdentity,16,81,1,1,4,23,1,6,0,6
"commons-functor (Jan 19, 2019 5:07:31 PM)/commons-functor/src/test/java",org.apache.commons.functor.core,TestIsSame,0,127,0,0,0,25,0,5,0,5
"commons-functor (Jan 19, 2019 5:07:31 PM)/commons-functor/src/test/java",org.apache.commons.functor.core,TestLeftIdentity,10,103,1,1,2,27,1,6,0,6
"commons-functor (Jan 19, 2019 5:07:31 PM)/commons-functor/src/test/java",org.apache.commons.functor.core,TestIsNotEqual,6,127,3,3,0,23,3,5,0,5
"commons-functor (Jan 19, 2019 5:07:31 PM)/commons-functor/src/test/java",org.apache.commons.functor.core,TestIsNotSame,0,127,0,0,0,25,0,5,0,5
"commons-functor (Jan 19, 2019 5:07:31 PM)/commons-functor/src/test/java",org.apache.commons.functor.core,TestIsInstance,8,93,0,0,2,29,0,7,0,7
"commons-functor (Jan 19, 2019 5:07:31 PM)/commons-functor/src/test/java",org.apache.commons.functor.core,TestNoOp.new UnaryProcedure() {...},1,6,0,0,0,2,1,1,1,1
"commons-functor (Jan 19, 2019 5:07:31 PM)/commons-functor/src/test/java",org.apache.commons.functor.core,TestNoOp.new Procedure() {...},1,6,0,0,0,2,1,1,1,1
"commons-functor (Jan 19, 2019 5:07:31 PM)/commons-functor/src/test/java",org.apache.commons.functor.core,TestRightIdentity,10,103,1,1,2,27,1,6,0,6
"commons-functor (Jan 19, 2019 5:07:31 PM)/commons-functor/src/test/java",org.apache.commons.functor.core,TestIsEqual,0,127,0,0,0,25,0,5,0,5
"commons-functor (Jan 19, 2019 5:07:31 PM)/commons-functor/src/test/java",org.apache.commons.functor.core,TestNoOp,0,77,0,0,0,22,0,5,0,5
"commons-functor (Jan 19, 2019 5:07:31 PM)/commons-functor/src/test/java",org.apache.commons.functor.core,TestOffset,24,109,9,9,2,27,9,7,0,7
"commons-functor (Jan 19, 2019 5:07:31 PM)/commons-functor/src/test/java",org.apache.commons.functor.core,TestIsNull,0,71,0,0,0,20,0,6,0,6
"commons-functor (Jan 19, 2019 5:07:31 PM)/commons-functor/src/test/java",org.apache.commons.functor.core,TestIsNotNull,2,52,1,1,0,15,1,5,0,5
"commons-functor (Jan 19, 2019 5:07:31 PM)/commons-functor/src/test/java",org.apache.commons.functor.core,TestConstant,12,220,6,6,0,50,6,8,0,8
